{"cameraMode":{"drawMode":0,"name":"Shaded","section":"Shading Mode"},"sceneLighting":true,"audioPlay":false,"sceneViewState":{"showFog":true,"showMaterialUpdate":true,"showSkybox":true,"showFlares":true,"showImageEffects":true,"showParticleSystems":true},"in2DMode":false,"pivot":{"x":507.4061279296875,"y":-825.2265625,"z":1970.87109375},"rotation":{"x":0.25650566816329958,"y":0.08366262912750244,"z":-0.022281713783740999,"w":0.9626845717430115},"size":1408.48583984375,"orthographic":false}