{"cameraMode":{"drawMode":0,"name":"Shaded","section":"Shading Mode"},"sceneLighting":true,"audioPlay":false,"sceneViewState":{"showFog":true,"showMaterialUpdate":true,"showSkybox":true,"showFlares":true,"showImageEffects":true,"showParticleSystems":true},"in2DMode":false,"pivot":{"x":2557.373046875,"y":-2600.15234375,"z":-2149.626220703125},"rotation":{"x":0.09726691246032715,"y":0.9026493430137634,"z":-0.28754135966300967,"w":0.30524465441703799},"size":2880.060791015625,"orthographic":false}