{"cameraMode":{"drawMode":0,"name":"Shaded","section":"Shading Mode"},"sceneLighting":true,"audioPlay":false,"sceneViewState":{"showFog":true,"showMaterialUpdate":true,"showSkybox":true,"showFlares":true,"showImageEffects":true,"showParticleSystems":true},"in2DMode":false,"pivot":{"x":1200.3720703125,"y":-1293.561279296875,"z":211.87265014648438},"rotation":{"x":0.30351522564888,"y":0.5939118266105652,"z":-0.25793296098709109,"w":0.6990629434585571},"size":892.32568359375,"orthographic":false}