{"cameraMode":{"drawMode":0,"name":"Shaded","section":"Shading Mode"},"sceneLighting":false,"audioPlay":false,"sceneViewState":{"showFog":true,"showMaterialUpdate":true,"showSkybox":false,"showFlares":true,"showImageEffects":true,"showParticleSystems":true},"in2DMode":false,"pivot":{"x":-10.219027519226075,"y":1.061805009841919,"z":1.8749675750732422},"rotation":{"x":-0.0300665982067585,"y":-0.32615694403648379,"z":0.010368610732257367,"w":-0.9447957873344421},"size":1.4032816886901856,"orthographic":false}