{"cameraMode":{"drawMode":0,"name":"Shaded","section":"Shading Mode"},"sceneLighting":true,"audioPlay":false,"sceneViewState":{"showFog":true,"showMaterialUpdate":true,"showSkybox":true,"showFlares":true,"showImageEffects":true,"showParticleSystems":true},"in2DMode":false,"pivot":{"x":-2.3764429092407228,"y":30.3167667388916,"z":-37.89699935913086},"rotation":{"x":0.3410266935825348,"y":0.03958534076809883,"z":-0.012510346248745919,"w":0.9391577839851379},"size":1.7660253047943116,"orthographic":false}