{"cameraMode":{"drawMode":0,"name":"Shaded","section":"Shading Mode"},"sceneLighting":true,"audioPlay":false,"sceneViewState":{"showFog":true,"showMaterialUpdate":true,"showSkybox":true,"showFlares":true,"showImageEffects":true,"showParticleSystems":true},"in2DMode":false,"pivot":{"x":-378.73687744140627,"y":-907.7120361328125,"z":729.1763305664063},"rotation":{"x":0.3932490050792694,"y":-0.22112803161144257,"z":0.09815859794616699,"w":0.8870493173599243},"size":805.866943359375,"orthographic":false}