{"cameraMode":{"drawMode":0,"name":"Shaded","section":"Shading Mode"},"sceneLighting":false,"audioPlay":false,"sceneViewState":{"showFog":true,"showMaterialUpdate":true,"showSkybox":false,"showFlares":true,"showImageEffects":true,"showParticleSystems":true},"in2DMode":false,"pivot":{"x":-181.54981994628907,"y":-1004.0904541015625,"z":-2451.085205078125},"rotation":{"x":-0.5559958219528198,"y":0.04186796769499779,"z":-0.028033215552568437,"w":-0.8296813368797302},"size":4.765713691711426,"orthographic":false}