{"cameraMode":{"drawMode":0,"name":"Shaded","section":"Shading Mode"},"sceneLighting":false,"audioPlay":false,"sceneViewState":{"showFog":true,"showMaterialUpdate":true,"showSkybox":false,"showFlares":true,"showImageEffects":true,"showParticleSystems":true},"in2DMode":false,"pivot":{"x":-9.52331829071045,"y":0.4816882610321045,"z":2.920247793197632},"rotation":{"x":-0.1269509196281433,"y":-0.4287680983543396,"z":0.060989413410425189,"w":-0.8923842310905457},"size":0.8032816648483276,"orthographic":false}